word,The Blair Witch Project,Stardust,total
im,109,71,180
know,71,44,115
dont,68,37,105
like,66,34,100
oh,41,52,93
going,71,17,88
okay,77,7,84
back,59,24,83
man,64,11,75
go,45,29,74
right,30,33,63
yeah,33,29,62
come,33,29,62
lets,40,17,57
think,31,25,56
thats,35,21,56
youre,10,41,51
way,32,19,51
see,20,31,51
really,27,24,51
please,33,16,49
look,23,25,48
good,17,25,42
ahead,41,1,42
want,24,17,41
sorry,15,23,38
yes,11,25,36
night,24,12,36
ive,15,20,35
wall,2,32,34
time,10,22,32
hes,14,16,30
home,10,19,29
theres,18,10,28
ill,8,20,28
god,22,6,28
day,17,11,28
little,14,13,27
cant,15,12,27
woman,20,6,26
away,18,8,26
give,12,13,25
cut,18,7,25
tell,12,12,24
id,4,20,24
two,13,10,23
thing,15,8,23
lost,16,7,23
find,13,10,23
stop,17,5,22
looking,18,4,22
help,15,7,22
hear,16,6,22
witch,19,2,21
whats,10,11,21
take,7,14,21
people,11,10,21
need,10,11,21
gonna,15,6,21
girl,7,14,21
didnt,14,7,21
boy,1,20,21
weve,15,5,20
captain,6,14,20
turn,16,3,19
shes,7,12,19
mean,7,12,19
heard,12,7,19
begins,18,1,19
years,3,15,18
wait,7,11,18
put,13,5,18
old,14,4,18
love,3,15,18
better,2,16,18
thank,6,11,17
stone,1,16,17
maybe,5,12,17
make,6,11,17
light,14,3,17
king,2,15,17
keep,12,5,17
happened,12,5,17
today,14,2,16
rock,13,3,16
guys,14,2,16
youll,1,14,15
thought,3,12,15
doing,7,8,15
sure,7,7,14
sounds,12,2,14
fine,6,8,14
head,8,5,13
found,10,3,13
exactly,8,5,13
done,5,8,13
close,7,6,13
best,2,11,13
believe,8,5,13
went,8,4,12
wanted,4,8,12
understand,5,7,12
three,10,2,12
south,10,2,12
place,7,5,12
long,9,3,12
happy,9,3,12
getting,9,3,12
coming,6,6,12
bring,1,11,12
baby,11,1,12
work,5,6,11
wasnt,7,4,11
sound,10,1,11
small,6,5,11
sister,1,10,11
ready,8,3,11
meet,3,8,11
left,4,7,11
leave,7,4,11
knew,8,3,11
face,9,2,11
wish,1,9,10
walking,8,2,10
walk,7,3,10
try,6,4,10
told,2,8,10
story,8,2,10
shooting,9,1,10
set,5,5,10
seriously,8,2,10
name,2,8,10
morning,9,1,10
life,3,7,10
hold,3,7,10
hands,7,3,10
hair,7,3,10
cross,2,8,10
crew,7,3,10
cause,9,1,10
youve,5,4,9
watch,4,5,9
trying,4,5,9
stay,6,3,9
saying,5,4,9
nice,3,6,9
near,7,2,9
middle,6,3,9
men,7,2,9
hours,7,2,9
hello,6,3,9
five,6,3,9
fallen,1,8,9
dead,4,5,9
days,6,3,9
check,8,1,9
big,4,5,9
young,2,6,8
useless,7,1,8
use,2,6,8
true,2,6,8
tomorrow,6,2,8
things,3,5,8
theyre,2,6,8
sleep,2,6,8
sky,2,6,8
side,4,4,8
seen,3,5,8
rest,5,3,8
pretty,7,1,8
possible,7,1,8
outside,7,1,8
looks,7,1,8
kind,2,6,8
hey,4,4,8
hell,6,2,8
guess,7,1,8
funny,3,5,8
forever,1,7,8
crossing,7,1,8
came,3,5,8
bit,5,3,8
anymore,5,3,8
actually,3,5,8
used,3,4,7
town,4,3,7
tired,6,1,7
soon,2,5,7
sleeping,5,2,7
sitting,6,1,7
sir,3,4,7
remember,5,2,7
quite,2,5,7
ones,4,3,7
mind,3,4,7
means,2,5,7
market,1,6,7
human,2,5,7
having,3,4,7
hand,4,3,7
gone,2,5,7
friend,1,6,7
far,4,3,7
eyes,3,4,7
doesnt,4,3,7
course,1,6,7
birthday,1,6,7
bag,5,2,7
alive,3,4,7
ago,2,5,7
wheres,5,1,6
wet,5,1,6
twigs,5,1,6
trust,2,4,6
touch,2,4,6
took,3,3,6
throw,3,3,6
swear,2,4,6
shut,3,3,6
rain,5,1,6
open,5,1,6
making,4,2,6
made,3,3,6
leaving,5,1,6
later,5,1,6
late,1,5,6
job,1,5,6
hundred,3,3,6
hope,5,1,6
hit,5,1,6
havent,4,2,6
front,2,4,6
four,2,4,6
feet,5,1,6
feel,5,1,6
end,4,2,6
die,5,1,6
deal,2,4,6
damn,4,2,6
crazy,5,1,6
chest,3,3,6
called,3,3,6
call,5,1,6
business,2,4,6
bath,1,5,6
whispered,3,2,5
water,4,1,5
warm,1,4,5
thinking,1,4,5
telling,3,2,5
talking,1,4,5
strange,3,2,5
sit,2,3,5
share,1,4,5
safe,1,4,5
run,3,2,5
relax,4,1,5
prepare,2,3,5
pain,4,1,5
matter,3,2,5
knows,4,1,5
kill,2,3,5
hurt,3,2,5
hot,2,3,5
horse,3,2,5
ground,4,1,5
field,2,3,5
feeling,2,3,5
fear,3,2,5
dark,4,1,5
couple,3,2,5
cold,4,1,5
blood,2,3,5
asked,2,3,5
wrong,1,3,4
writing,3,1,4
wont,1,3,4
whos,2,2,4
west,2,2,4
walls,2,2,4
using,2,2,4
taking,3,1,4
straight,2,2,4
store,3,1,4
stopped,3,1,4
start,2,2,4
standing,3,1,4
son,1,3,4
smell,1,3,4
shirt,3,1,4
seven,3,1,4
seeing,1,3,4
seconds,2,2,4
second,3,1,4
room,2,2,4
road,2,2,4
return,1,3,4
potatoes,3,1,4
piece,2,2,4
notice,2,2,4
nope,3,1,4
nine,1,3,4
nights,2,2,4
move,3,1,4
mouse,2,2,4
mans,3,1,4
lift,1,3,4
learned,3,1,4
learn,2,2,4
kiss,3,1,4
killed,1,3,4
isnt,2,2,4
hurry,1,3,4
high,3,1,4
heads,1,3,4
hate,2,2,4
hang,2,2,4
free,1,3,4
fool,2,2,4
final,1,3,4
felt,2,2,4
feels,2,2,4
fall,3,1,4
fact,2,2,4
eat,1,3,4
drop,2,2,4
drink,2,2,4
death,2,2,4
careful,1,3,4
care,3,1,4
break,2,2,4
arent,1,3,4
anyway,1,3,4
absolutely,2,2,4
wow,2,1,3
wouldnt,2,1,3
witches,2,1,3
wine,1,2,3
whisper,2,1,3
weird,1,2,3
watching,1,2,3
truth,1,2,3
tonight,2,1,3
times,2,1,3
till,1,2,3
thick,2,1,3
taken,1,2,3
suppose,1,2,3
stand,1,2,3
souvenir,2,1,3
show,2,1,3
shouldnt,2,1,3
short,2,1,3
scientist,1,2,3
save,2,1,3
remain,2,1,3
reason,1,2,3
ran,2,1,3
positive,2,1,3
poor,1,2,3
planning,1,2,3
plan,2,1,3
passed,1,2,3
part,1,2,3
opened,2,1,3
moment,2,1,3
losing,2,1,3
lived,1,2,3
lie,1,2,3
knocked,2,1,3
kept,1,2,3
goat,1,2,3
glass,1,2,3
following,2,1,3
finished,1,2,3
fingers,2,1,3
finally,2,1,3
fight,2,1,3
earth,1,2,3
different,2,1,3
danger,2,1,3
country,2,1,3
couldnt,1,2,3
cabin,2,1,3
brought,2,1,3
blue,1,2,3
bloody,2,1,3
bless,2,1,3
black,1,2,3
yep,1,1,2
wouldve,1,1,2
working,1,1,2
weight,1,1,2
wed,1,1,2
wake,1,1,2
uncontrollable,1,1,2
traveling,1,1,2
torn,1,1,2
toast,1,1,2
thin,1,1,2
thee,1,1,2
thanks,1,1,2
terrible,1,1,2
tale,1,1,2
stupid,1,1,2
stuck,1,1,2
stories,1,1,2
stands,1,1,2
situation,1,1,2
sign,1,1,2
sides,1,1,2
showing,1,1,2
shake,1,1,2
search,1,1,2
school,1,1,2
reply,1,1,2
recall,1,1,2
reaches,1,1,2
quit,1,1,2
pull,1,1,2
proud,1,1,2
problem,1,1,2
pick,1,1,2
person,1,1,2
patch,1,1,2
pass,1,1,2
omen,1,1,2
obviously,1,1,2
number,1,1,2
mark,1,1,2
listening,1,1,2
joke,1,1,2
importance,1,1,2
imagine,1,1,2
hunting,1,1,2
hilarious,1,1,2
helping,1,1,2
hasnt,1,1,2
hardly,1,1,2
happen,1,1,2
handful,1,1,2
grow,1,1,2
goes,1,1,2
fun,1,1,2
follow,1,1,2
flames,1,1,2
favorite,1,1,2
expect,1,1,2
ending,1,1,2
due,1,1,2
dry,1,1,2
drinking,1,1,2
door,1,1,2
dirty,1,1,2
devil,1,1,2
counts,1,1,2
control,1,1,2
continue,1,1,2
complete,1,1,2
coincidence,1,1,2
clothes,1,1,2
clean,1,1,2
children,1,1,2
change,1,1,2
chance,1,1,2
certain,1,1,2
caught,1,1,2
cart,1,1,2
burning,1,1,2
beginning,1,1,2
asking,1,1,2
agreed,1,1,2
act,1,1,2
absurd,1,1,2
heather,525,0,525
mike,331,0,331
josh,274,0,274
cuts,113,0,113
fucking,95,0,95
camera,62,0,62
shit,52,0,52
map,44,0,44
fuck,39,0,39
tent,33,0,33
fisherman,23,0,23
car,21,0,21
woods,19,0,19
wanna,16,0,16
video,15,0,15
joshs,15,0,15
inside,15,0,15
distance,15,0,15
blair,15,0,15
voice,14,0,14
gotta,14,0,14
whispers,13,0,13
scared,13,0,13
laughs,13,0,13
laughing,13,0,13
shot,12,0,12
point,12,0,12
ass,12,0,12
rocks,11,0,11
mm,11,0,11
log,11,0,11
jesus,11,0,11
hiking,11,0,11
cool,11,0,11
compass,11,0,11
stream,10,0,10
slate,10,0,10
mary,10,0,10
house,10,0,10
dat,10,0,10
cemetery,10,0,10
pack,9,0,9
camp,9,0,9
points,8,0,8
mikes,8,0,8
kinda,8,0,8
fucked,8,0,8
documentary,8,0,8
crying,8,0,8
tree,7,0,7
trail,7,0,7
stuff,7,0,7
stairs,7,0,7
mumbles,7,0,7
kids,7,0,7
kidding,7,0,7
holding,7,0,7
darkness,7,0,7
creek,7,0,7
christ,7,0,7
brown,7,0,7
yesterday,6,0,6
yah,6,0,6
uh,6,0,6
stick,6,0,6
steps,6,0,6
project,6,0,6
muffled,6,0,6
mom,6,0,6
minutes,6,0,6
laugh,6,0,6
heathers,6,0,6
gave,6,0,6
fire,6,0,6
finger,6,0,6
deer,6,0,6
coffin,6,0,6
bound,6,0,6
walks,5,0,5
view,5,0,5
turns,5,0,5
trees,5,0,5
supposed,5,0,5
sticks,5,0,5
shots,5,0,5
river,5,0,5
playing,5,0,5
mikey,5,0,5
lot,5,0,5
hard,5,0,5
gear,5,0,5
games,5,0,5
forth,5,0,5
film,5,0,5
east,5,0,5
dude,5,0,5
bullshit,5,0,5
beer,5,0,5
area,5,0,5
ah,5,0,5
wicked,4,0,4
werent,4,0,4
um,4,0,4
totally,4,0,4
top,4,0,4
sobs,4,0,4
sighs,4,0,4
shoot,4,0,4
shhh,4,0,4
serious,4,0,4
scene,4,0,4
running,4,0,4
reading,4,0,4
quiet,4,0,4
pocket,4,0,4
piles,4,0,4
pants,4,0,4
packed,4,0,4
mouth,4,0,4
meters,4,0,4
lights,4,0,4
knock,4,0,4
kicked,4,0,4
insisted,4,0,4
important,4,0,4
hungry,4,0,4
hike,4,0,4
haunted,4,0,4
gate,4,0,4
full,4,0,4
filming,4,0,4
fault,4,0,4
equipment,4,0,4
cry,4,0,4
cries,4,0,4
cracking,4,0,4
continues,4,0,4
cellar,4,0,4
burkittsville,4,0,4
bundle,4,0,4
book,4,0,4
bodies,4,0,4
asshole,4,0,4
america,4,0,4
alright,4,0,4
worth,3,0,3
washing,3,0,3
walked,3,0,3
tries,3,0,3
supposedly,3,0,3
stops,3,0,3
somebody,3,0,3
smart,3,0,3
slime,3,0,3
sixteen,3,0,3
silence,3,0,3
shh,3,0,3
shawl,3,0,3
scream,3,0,3
scotch,3,0,3
scary,3,0,3
rustling,3,0,3
reality,3,0,3
putting,3,0,3
pushes,3,0,3
pile,3,0,3
picks,3,0,3
panting,3,0,3
packs,3,0,3
opening,3,0,3
movies,3,0,3
motivation,3,0,3
moans,3,0,3
mister,3,0,3
michael,3,0,3
mashed,3,0,3
marys,3,0,3
maryland,3,0,3
makes,3,0,3
louder,3,0,3
loosing,3,0,3
loose,3,0,3
leaf,3,0,3
holy,3,0,3
gloves,3,0,3
ghosts,3,0,3
gasps,3,0,3
fur,3,0,3
footage,3,0,3
excited,3,0,3
ended,3,0,3
ditch,3,0,3
disappeared,3,0,3
diner,3,0,3
defiantly,3,0,3
creepy,3,0,3
confronts,3,0,3
cigarette,3,0,3
campsite,3,0,3
cameras,3,0,3
calm,3,0,3
breaks,3,0,3
bought,3,0,3
bottle,3,0,3
boots,3,0,3
bitch,3,0,3
babies,3,0,3
anybody,3,0,3
american,3,0,3
aint,3,0,3
zooms,2,0,2
yo,2,0,2
yelling,2,0,2
yell,2,0,2
witchcraft,2,0,2
winter,2,0,2
white,2,0,2
whatd,2,0,2
welcome,2,0,2
wandered,2,0,2
various,2,0,2
unintelligible,2,0,2
uncool,2,0,2
twenty,2,0,2
throws,2,0,2
taping,2,0,2
table,2,0,2
sudden,2,0,2
streams,2,0,2
statement,2,0,2
starts,2,0,2
sounding,2,0,2
sounded,2,0,2
sorts,2,0,2
smokes,2,0,2
sings,2,0,2
sing,2,0,2
shows,2,0,2
shoes,2,0,2
shivers,2,0,2
shits,2,0,2
shifts,2,0,2
sets,2,0,2
screwed,2,0,2
screams,2,0,2
scouted,2,0,2
schedule,2,0,2
saw,2,0,2
salad,2,0,2
runs,2,0,2
row,2,0,2
rocking,2,0,2
rising,2,0,2
ripkin,2,0,2
rice,2,0,2
redneck,2,0,2
record,2,0,2
rear,2,0,2
realize,2,0,2
real,2,0,2
reaching,2,0,2
raisin,2,0,2
quickly,2,0,2
punch,2,0,2
pumpkin,2,0,2
probably,2,0,2
prints,2,0,2
powerbar,2,0,2
possibly,2,0,2
porch,2,0,2
play,2,0,2
pie,2,0,2
period,2,0,2
parr,2,0,2
packing,2,0,2
ohhh,2,0,2
obvious,2,0,2
noises,2,0,2
naive,2,0,2
myth,2,0,2
mountain,2,0,2
motions,2,0,2
motel,2,0,2
moms,2,0,2
mirror,2,0,2
messing,2,0,2
meatball,2,0,2
lying,2,0,2
listen,2,0,2
lens,2,0,2
leaves,2,0,2
laughter,2,0,2
laid,2,0,2
knees,2,0,2
kay,2,0,2
joshes,2,0,2
island,2,0,2
ieee,2,0,2
ice,2,0,2
hyperventilate,2,0,2
hunted,2,0,2
hitting,2,0,2
hill,2,0,2
hi,2,0,2
heavy,2,0,2
harry,2,0,2
hahaha,2,0,2
haha,2,0,2
haaa,2,0,2
guzzling,2,0,2
grows,2,0,2
gray,2,0,2
grab,2,0,2
goddamn,2,0,2
gives,2,0,2
gilligan,2,0,2
gets,2,0,2
gathering,2,0,2
fuckin,2,0,2
freaking,2,0,2
footsteps,2,0,2
flashlight,2,0,2
fighting,2,0,2
fat,2,0,2
fart,2,0,2
explore,2,0,2
examines,2,0,2
embankment,2,0,2
eerie,2,0,2
edit,2,0,2
earshot,2,0,2
dunno,2,0,2
driving,2,0,2
doubles,2,0,2
disgust,2,0,2
disappearing,2,0,2
direct,2,0,2
dad,2,0,2
cream,2,0,2
crawl,2,0,2
cp,2,0,2
compared,2,0,2
community,2,0,2
comforts,2,0,2
closer,2,0,2
climb,2,0,2
cigarettes,2,0,2
chill,2,0,2
cheeseburger,2,0,2
cars,2,0,2
camping,2,0,2
cal,2,0,2
cackling,2,0,2
broke,2,0,2
breath,2,0,2
breaking,2,0,2
branches,2,0,2
bottom,2,0,2
blurry,2,0,2
blows,2,0,2
blank,2,0,2
bite,2,0,2
bible,2,0,2
betrayed,2,0,2
begin,2,0,2
bad,2,0,2
babbling,2,0,2
awe,2,0,2
asleep,2,0,2
arrives,2,0,2
arms,2,0,2
appears,2,0,2
ahh,2,0,2
admit,2,0,2
zoom,1,0,1
yup,1,0,1
yelled,1,0,1
yeehaww,1,0,1
year,1,0,1
yawns,1,0,1
yards,1,0,1
writings,1,0,1
write,1,0,1
wright,1,0,1
wrest,1,0,1
worst,1,0,1
worse,1,0,1
worry,1,0,1
wool,1,0,1
wondered,1,0,1
womans,1,0,1
woke,1,0,1
wives,1,0,1
wits,1,0,1
witchll,1,0,1
windshield,1,0,1
windows,1,0,1
wildly,1,0,1
whispering,1,0,1
weeps,1,0,1
weekend,1,0,1
weeds,1,0,1
weed,1,0,1
weaver,1,0,1
weasel,1,0,1
ways,1,0,1
waves,1,0,1
warmer,1,0,1
waken,1,0,1
waitress,1,0,1
waaaahooooo,1,0,1
waaaahhhoooo,1,0,1
vultures,1,0,1
vine,1,0,1
vienna,1,0,1
videotapes,1,0,1
vhs,1,0,1
vapor,1,0,1
utz,1,0,1
usually,1,0,1
uruguay,1,0,1
unzips,1,0,1
unzipped,1,0,1
unusually,1,0,1
unusual,1,0,1
untie,1,0,1
unsnaged,1,0,1
unknown,1,0,1
unfolded,1,0,1
uncomforted,1,0,1
uncomfortable,1,0,1
uhhms,1,0,1
twilights,1,0,1
twice,1,0,1
tv,1,0,1
turning,1,0,1
tumbling,1,0,1
trinkets,1,0,1
trick,1,0,1
trembling,1,0,1
trappers,1,0,1
trailer,1,0,1
track,1,0,1
touching,1,0,1
touched,1,0,1
total,1,0,1
tossed,1,0,1
toss,1,0,1
torture,1,0,1
torso,1,0,1
tore,1,0,1
toe,1,0,1
tightly,1,0,1
thrown,1,0,1
throwing,1,0,1
threatened,1,0,1
thinks,1,0,1
thew,1,0,1
theme,1,0,1
terror,1,0,1
terrified,1,0,1
tells,1,0,1
teeth,1,0,1
tears,1,0,1
tastes,1,0,1
tapings,1,0,1
tape,1,0,1
tall,1,0,1
takes,1,0,1
system,1,0,1
symbols,1,0,1
swivels,1,0,1
swings,1,0,1
swig,1,0,1
swats,1,0,1
surprised,1,0,1
suns,1,0,1
sunday,1,0,1
sun,1,0,1
stutters,1,0,1
student,1,0,1
struggling,1,0,1
struggles,1,0,1
struggle,1,0,1
structure,1,0,1
strips,1,0,1
strip,1,0,1
string,1,0,1
stress,1,0,1
street,1,0,1
strap,1,0,1
stirring,1,0,1
stir,1,0,1
step,1,0,1
stench,1,0,1
state,1,0,1
starting,1,0,1
started,1,0,1
staring,1,0,1
stacked,1,0,1
squatting,1,0,1
spuratic,1,0,1
spite,1,0,1
spirited,1,0,1
spilled,1,0,1
speed,1,0,1
specifically,1,0,1
speaking,1,0,1
spacer,1,0,1
sorta,1,0,1
song,1,0,1
somthin,1,0,1
someones,1,0,1
solid,1,0,1
soft,1,0,1
sob,1,0,1
smoking,1,0,1
smiles,1,0,1
smallest,1,0,1
slowly,1,0,1
slippery,1,0,1
slightly,1,0,1
slide,1,0,1
skipper,1,0,1
sketch,1,0,1
sized,1,0,1
six,1,0,1
site,1,0,1
shudders,1,0,1
shudder,1,0,1
shrinking,1,0,1
shoves,1,0,1
shoulder,1,0,1
shortcuts,1,0,1
shopping,1,0,1
ship,1,0,1
shhhhh,1,0,1
sheriff,1,0,1
shanty,1,0,1
shaking,1,0,1
shack,1,0,1
setting,1,0,1
separate,1,0,1
selfish,1,0,1
season,1,0,1
searched,1,0,1
screaming,1,0,1
scratched,1,0,1
scheduled,1,0,1
scattered,1,0,1
sausage,1,0,1
satisfied,1,0,1
salt,1,0,1
safety,1,0,1
rushed,1,0,1
ruined,1,0,1
rubs,1,0,1
rounds,1,0,1
roots,1,0,1
rolls,1,0,1
rolling,1,0,1
roll,1,0,1
robin,1,0,1
roasted,1,0,1
rests,1,0,1
responsible,1,0,1
resources,1,0,1
research,1,0,1
removed,1,0,1
remove,1,0,1
religious,1,0,1
relaxed,1,0,1
relatively,1,0,1
refereed,1,0,1
red,1,0,1
recorded,1,0,1
rationally,1,0,1
rambling,1,0,1
raining,1,0,1
quick,1,0,1
puts,1,0,1
purpose,1,0,1
pure,1,0,1
punctuality,1,0,1
punching,1,0,1
pulls,1,0,1
protruding,1,0,1
properly,1,0,1
profusely,1,0,1
process,1,0,1
pretend,1,0,1
preparing,1,0,1
prepared,1,0,1
precision,1,0,1
positively,1,0,1
portion,1,0,1
poring,1,0,1
pool,1,0,1
police,1,0,1
plops,1,0,1
pleasantly,1,0,1
plaster,1,0,1
places,1,0,1
pitch,1,0,1
piss,1,0,1
phew,1,0,1
persons,1,0,1
personally,1,0,1
permission,1,0,1
paw,1,0,1
patterns,1,0,1
party,1,0,1
parts,1,0,1
parked,1,0,1
paraguay,1,0,1
oww,1,0,1
owl,1,0,1
overhmm,1,0,1
orgies,1,0,1
opportunity,1,0,1
older,1,0,1
offence,1,0,1
october,1,0,1
oclock,1,0,1
occultic,1,0,1
occult,1,0,1
occasion,1,0,1
oatmeal,1,0,1
numerous,1,0,1
noticing,1,0,1
notebook,1,0,1
nostrils,1,0,1
nooo,1,0,1
noise,1,0,1
nods,1,0,1
ninety,1,0,1
nervously,1,0,1
neighbors,1,0,1
necessary,1,0,1
nearby,1,0,1
natural,1,0,1
national,1,0,1
naked,1,0,1
nah,1,0,1
mystified,1,0,1
mustard,1,0,1
mucus,1,0,1
moving,1,0,1
moves,1,0,1
mouths,1,0,1
mountiness,1,0,1
motives,1,0,1
moss,1,0,1
moooove,1,0,1
mmmm,1,0,1
misty,1,0,1
mists,1,0,1
missing,1,0,1
miss,1,0,1
millimeter,1,0,1
mess,1,0,1
mending,1,0,1
melty,1,0,1
measure,1,0,1
max,1,0,1
marshmallows,1,0,1
marrrrshmelllowwwss,1,0,1
marked,1,0,1
marches,1,0,1
mamma,1,0,1
makeup,1,0,1
mag,1,0,1
lungs,1,0,1
lunatic,1,0,1
loudly,1,0,1
loud,1,0,1
lots,1,0,1
looms,1,0,1
looked,1,0,1
logs,1,0,1
locations,1,0,1
locals,1,0,1
loaded,1,0,1
lit,1,0,1
lipstick,1,0,1
line,1,0,1
lifts,1,0,1
licking,1,0,1
licked,1,0,1
level,1,0,1
lemme,1,0,1
legs,1,0,1
legends,1,0,1
legend,1,0,1
leans,1,0,1
laying,1,0,1
layers,1,0,1
laughed,1,0,1
large,1,0,1
laced,1,0,1
keeps,1,0,1
jut,1,0,1
jumps,1,0,1
juice,1,0,1
joy,1,0,1
jitters,1,0,1
jiggles,1,0,1
jelly,1,0,1
jeans,1,0,1
jabbing,1,0,1
intestines,1,0,1
interesting,1,0,1
interested,1,0,1
intention,1,0,1
inspection,1,0,1
inscribed,1,0,1
ingrid,1,0,1
inflicted,1,0,1
indicated,1,0,1
indecipherable,1,0,1
incredibly,1,0,1
incidence,1,0,1
image,1,0,1
illiterate,1,0,1
ignorance,1,0,1
iee,1,0,1
hysterically,1,0,1
hyperventilating,1,0,1
hushes,1,0,1
hurtin,1,0,1
hurrying,1,0,1
humorless,1,0,1
humanly,1,0,1
humanity,1,0,1
huh,1,0,1
huddling,1,0,1
hows,1,0,1
horror,1,0,1
hoooo,1,0,1
hole,1,0,1
holds,1,0,1
hmm,1,0,1
history,1,0,1
historian,1,0,1
hhuh,1,0,1
hermit,1,0,1
heres,1,0,1
helps,1,0,1
hedges,1,0,1
heavily,1,0,1
heaters,1,0,1
heartily,1,0,1
hearing,1,0,1
headstones,1,0,1
haunt,1,0,1
harder,1,0,1
happening,1,0,1
hanging,1,0,1
halloween,1,0,1
hairy,1,0,1
hairs,1,0,1
guy,1,0,1
gutted,1,0,1
grunt,1,0,1
grocery,1,0,1
greek,1,0,1
graves,1,0,1
gravel,1,0,1
grapple,1,0,1
grandmothers,1,0,1
grace,1,0,1
gotten,1,0,1
gory,1,0,1
gore,1,0,1
goddamned,1,0,1
gleaming,1,0,1
glares,1,0,1
giving,1,0,1
girlfriend,1,0,1
gilligans,1,0,1
gigantic,1,0,1
ghost,1,0,1
general,1,0,1
fully,1,0,1
fudge,1,0,1
fucker,1,0,1
fu,1,0,1
freezing,1,0,1
freaked,1,0,1
forward,1,0,1
forming,1,0,1
formation,1,0,1
forest,1,0,1
forearm,1,0,1
followed,1,0,1
fogged,1,0,1
floor,1,0,1
flight,1,0,1
flesh,1,0,1
flashlights,1,0,1
flap,1,0,1
flannel,1,0,1
flails,1,0,1
flag,1,0,1
fixes,1,0,1
fishing,1,0,1
fishermen,1,0,1
fires,1,0,1
finishing,1,0,1
finishes,1,0,1
finely,1,0,1
filtered,1,0,1
filmmakers,1,0,1
filling,1,0,1
filled,1,0,1
figure,1,0,1
fifteen,1,0,1
fiddling,1,0,1
fends,1,0,1
female,1,0,1
fast,1,0,1
families,1,0,1
familiar,1,0,1
fallow,1,0,1
facing,1,0,1
extreme,1,0,1
exists,1,0,1
exhausted,1,0,1
excellent,1,0,1
examine,1,0,1
evidence,1,0,1
everybodys,1,0,1
europe,1,0,1
etched,1,0,1
essential,1,0,1
eof,1,0,1
entranced,1,0,1
entrance,1,0,1
entitled,1,0,1
energy,1,0,1
ends,1,0,1
encounter,1,0,1
eighteenth,1,0,1
ehh,1,0,1
eh,1,0,1
edge,1,0,1
eating,1,0,1
easier,1,0,1
ear,1,0,1
eager,1,0,1
drops,1,0,1
drives,1,0,1
drive,1,0,1
doorstep,1,0,1
doors,1,0,1
dollars,1,0,1
dissapeard,1,0,1
disheveled,1,0,1
discovery,1,0,1
directors,1,0,1
directly,1,0,1
differently,1,0,1
destroyed,1,0,1
desecration,1,0,1
descends,1,0,1
depth,1,0,1
department,1,0,1
deny,1,0,1
deliverance,1,0,1
deeply,1,0,1
deep,1,0,1
decoration,1,0,1
decay,1,0,1
dawn,1,0,1
darker,1,0,1
dangling,1,0,1
damned,1,0,1
curve,1,0,1
cult,1,0,1
crys,1,0,1
crumpled,1,0,1
crumbling,1,0,1
crudely,1,0,1
crouch,1,0,1
crossed,1,0,1
creepiest,1,0,1
creative,1,0,1
crawling,1,0,1
crack,1,0,1
covered,1,0,1
coughs,1,0,1
corner,1,0,1
conversation,1,0,1
confusion,1,0,1
confront,1,0,1
confessional,1,0,1
concerned,1,0,1
comprised,1,0,1
complement,1,0,1
committed,1,0,1
comment,1,0,1
comfort,1,0,1
comes,1,0,1
collapses,1,0,1
clumps,1,0,1
clue,1,0,1
closely,1,0,1
climbs,1,0,1
clearing,1,0,1
clear,1,0,1
clamed,1,0,1
clacks,1,0,1
clacker,1,0,1
circling,1,0,1
chunk,1,0,1
child,1,0,1
chew,1,0,1
cheers,1,0,1
checking,1,0,1
checked,1,0,1
charts,1,0,1
channel,1,0,1
chair,1,0,1
ceremonial,1,0,1
cemeteries,1,0,1
carrying,1,0,1
carries,1,0,1
canvas,1,0,1
calmer,1,0,1
cake,1,0,1
cackle,1,0,1
bust,1,0,1
bunch,1,0,1
bump,1,0,1
bugs,1,0,1
brink,1,0,1
brief,1,0,1
breathes,1,0,1
breathe,1,0,1
brave,1,0,1
box,1,0,1
bordello,1,0,1
boooooooh,1,0,1
books,1,0,1
bolt,1,0,1
bolivia,1,0,1
body,1,0,1
bodied,1,0,1
bloodletting,1,0,1
bleed,1,0,1
bleating,1,0,1
bleached,1,0,1
bites,1,0,1
bends,1,0,1
belly,1,0,1
belive,1,0,1
believed,1,0,1
beings,1,0,1
bathroom,1,0,1
basement,1,0,1
bang,1,0,1
ballerina,1,0,1
backs,1,0,1
awww,1,0,1
autofocuses,1,0,1
attempting,1,0,1
attacks,1,0,1
attacking,1,0,1
article,1,0,1
arm,1,0,1
apparently,1,0,1
apologize,1,0,1
apart,1,0,1
anytime,1,0,1
anyones,1,0,1
anthem,1,0,1
angry,1,0,1
angrily,1,0,1
anger,1,0,1
ancient,1,0,1
amusing,1,0,1
amount,1,0,1
amazing,1,0,1
alrighty,1,0,1
aloud,1,0,1
allowance,1,0,1
agree,1,0,1
agitated,1,0,1
absolute,1,0,1
abandoned,1,0,1
heather,0,525,525
mike,0,331,331
josh,0,274,274
cuts,0,113,113
fucking,0,95,95
camera,0,62,62
shit,0,52,52
map,0,44,44
fuck,0,39,39
tent,0,33,33
fisherman,0,23,23
car,0,21,21
woods,0,19,19
wanna,0,16,16
video,0,15,15
joshs,0,15,15
inside,0,15,15
distance,0,15,15
blair,0,15,15
voice,0,14,14
gotta,0,14,14
whispers,0,13,13
scared,0,13,13
laughs,0,13,13
laughing,0,13,13
shot,0,12,12
point,0,12,12
ass,0,12,12
rocks,0,11,11
mm,0,11,11
log,0,11,11
jesus,0,11,11
hiking,0,11,11
cool,0,11,11
compass,0,11,11
stream,0,10,10
slate,0,10,10
mary,0,10,10
house,0,10,10
dat,0,10,10
cemetery,0,10,10
pack,0,9,9
camp,0,9,9
points,0,8,8
mikes,0,8,8
kinda,0,8,8
fucked,0,8,8
documentary,0,8,8
crying,0,8,8
tree,0,7,7
trail,0,7,7
stuff,0,7,7
stairs,0,7,7
mumbles,0,7,7
kids,0,7,7
kidding,0,7,7
holding,0,7,7
darkness,0,7,7
creek,0,7,7
christ,0,7,7
brown,0,7,7
yesterday,0,6,6
yah,0,6,6
uh,0,6,6
stick,0,6,6
steps,0,6,6
project,0,6,6
muffled,0,6,6
mom,0,6,6
minutes,0,6,6
laugh,0,6,6
heathers,0,6,6
gave,0,6,6
fire,0,6,6
finger,0,6,6
deer,0,6,6
coffin,0,6,6
bound,0,6,6
walks,0,5,5
view,0,5,5
turns,0,5,5
trees,0,5,5
supposed,0,5,5
sticks,0,5,5
shots,0,5,5
river,0,5,5
playing,0,5,5
mikey,0,5,5
lot,0,5,5
hard,0,5,5
gear,0,5,5
games,0,5,5
forth,0,5,5
film,0,5,5
east,0,5,5
dude,0,5,5
bullshit,0,5,5
beer,0,5,5
area,0,5,5
ah,0,5,5
wicked,0,4,4
werent,0,4,4
um,0,4,4
totally,0,4,4
top,0,4,4
sobs,0,4,4
sighs,0,4,4
shoot,0,4,4
shhh,0,4,4
serious,0,4,4
scene,0,4,4
running,0,4,4
reading,0,4,4
quiet,0,4,4
pocket,0,4,4
piles,0,4,4
pants,0,4,4
packed,0,4,4
mouth,0,4,4
meters,0,4,4
lights,0,4,4
knock,0,4,4
kicked,0,4,4
insisted,0,4,4
important,0,4,4
hungry,0,4,4
hike,0,4,4
haunted,0,4,4
gate,0,4,4
full,0,4,4
filming,0,4,4
fault,0,4,4
equipment,0,4,4
cry,0,4,4
cries,0,4,4
cracking,0,4,4
continues,0,4,4
cellar,0,4,4
burkittsville,0,4,4
bundle,0,4,4
book,0,4,4
bodies,0,4,4
asshole,0,4,4
america,0,4,4
alright,0,4,4
worth,0,3,3
washing,0,3,3
walked,0,3,3
tries,0,3,3
supposedly,0,3,3
stops,0,3,3
somebody,0,3,3
smart,0,3,3
slime,0,3,3
sixteen,0,3,3
silence,0,3,3
shh,0,3,3
shawl,0,3,3
scream,0,3,3
scotch,0,3,3
scary,0,3,3
rustling,0,3,3
reality,0,3,3
putting,0,3,3
pushes,0,3,3
pile,0,3,3
picks,0,3,3
panting,0,3,3
packs,0,3,3
opening,0,3,3
movies,0,3,3
motivation,0,3,3
moans,0,3,3
mister,0,3,3
michael,0,3,3
mashed,0,3,3
marys,0,3,3
maryland,0,3,3
makes,0,3,3
louder,0,3,3
loosing,0,3,3
loose,0,3,3
leaf,0,3,3
holy,0,3,3
gloves,0,3,3
ghosts,0,3,3
gasps,0,3,3
fur,0,3,3
footage,0,3,3
excited,0,3,3
ended,0,3,3
ditch,0,3,3
disappeared,0,3,3
diner,0,3,3
defiantly,0,3,3
creepy,0,3,3
confronts,0,3,3
cigarette,0,3,3
campsite,0,3,3
cameras,0,3,3
calm,0,3,3
breaks,0,3,3
bought,0,3,3
bottle,0,3,3
boots,0,3,3
bitch,0,3,3
babies,0,3,3
anybody,0,3,3
american,0,3,3
aint,0,3,3
zooms,0,2,2
yo,0,2,2
yelling,0,2,2
yell,0,2,2
witchcraft,0,2,2
winter,0,2,2
white,0,2,2
whatd,0,2,2
welcome,0,2,2
wandered,0,2,2
various,0,2,2
unintelligible,0,2,2
uncool,0,2,2
twenty,0,2,2
throws,0,2,2
taping,0,2,2
table,0,2,2
sudden,0,2,2
streams,0,2,2
statement,0,2,2
starts,0,2,2
sounding,0,2,2
sounded,0,2,2
sorts,0,2,2
smokes,0,2,2
sings,0,2,2
sing,0,2,2
shows,0,2,2
shoes,0,2,2
shivers,0,2,2
shits,0,2,2
shifts,0,2,2
sets,0,2,2
screwed,0,2,2
screams,0,2,2
scouted,0,2,2
schedule,0,2,2
saw,0,2,2
salad,0,2,2
runs,0,2,2
row,0,2,2
rocking,0,2,2
rising,0,2,2
ripkin,0,2,2
rice,0,2,2
redneck,0,2,2
record,0,2,2
rear,0,2,2
realize,0,2,2
real,0,2,2
reaching,0,2,2
raisin,0,2,2
quickly,0,2,2
punch,0,2,2
pumpkin,0,2,2
probably,0,2,2
prints,0,2,2
powerbar,0,2,2
possibly,0,2,2
porch,0,2,2
play,0,2,2
pie,0,2,2
period,0,2,2
parr,0,2,2
packing,0,2,2
ohhh,0,2,2
obvious,0,2,2
noises,0,2,2
naive,0,2,2
myth,0,2,2
mountain,0,2,2
motions,0,2,2
motel,0,2,2
moms,0,2,2
mirror,0,2,2
messing,0,2,2
meatball,0,2,2
lying,0,2,2
listen,0,2,2
lens,0,2,2
leaves,0,2,2
laughter,0,2,2
laid,0,2,2
knees,0,2,2
kay,0,2,2
joshes,0,2,2
island,0,2,2
ieee,0,2,2
ice,0,2,2
hyperventilate,0,2,2
hunted,0,2,2
hitting,0,2,2
hill,0,2,2
hi,0,2,2
heavy,0,2,2
harry,0,2,2
hahaha,0,2,2
haha,0,2,2
haaa,0,2,2
guzzling,0,2,2
grows,0,2,2
gray,0,2,2
grab,0,2,2
goddamn,0,2,2
gives,0,2,2
gilligan,0,2,2
gets,0,2,2
gathering,0,2,2
fuckin,0,2,2
freaking,0,2,2
footsteps,0,2,2
flashlight,0,2,2
fighting,0,2,2
fat,0,2,2
fart,0,2,2
explore,0,2,2
examines,0,2,2
embankment,0,2,2
eerie,0,2,2
edit,0,2,2
earshot,0,2,2
dunno,0,2,2
driving,0,2,2
doubles,0,2,2
disgust,0,2,2
disappearing,0,2,2
direct,0,2,2
dad,0,2,2
cream,0,2,2
crawl,0,2,2
cp,0,2,2
compared,0,2,2
community,0,2,2
comforts,0,2,2
closer,0,2,2
climb,0,2,2
cigarettes,0,2,2
chill,0,2,2
cheeseburger,0,2,2
cars,0,2,2
camping,0,2,2
cal,0,2,2
cackling,0,2,2
broke,0,2,2
breath,0,2,2
breaking,0,2,2
branches,0,2,2
bottom,0,2,2
blurry,0,2,2
blows,0,2,2
blank,0,2,2
bite,0,2,2
bible,0,2,2
betrayed,0,2,2
begin,0,2,2
bad,0,2,2
babbling,0,2,2
awe,0,2,2
asleep,0,2,2
arrives,0,2,2
arms,0,2,2
appears,0,2,2
ahh,0,2,2
admit,0,2,2
zoom,0,1,1
yup,0,1,1
yelled,0,1,1
yeehaww,0,1,1
year,0,1,1
yawns,0,1,1
yards,0,1,1
writings,0,1,1
write,0,1,1
wright,0,1,1
wrest,0,1,1
worst,0,1,1
worse,0,1,1
worry,0,1,1
wool,0,1,1
wondered,0,1,1
womans,0,1,1
woke,0,1,1
wives,0,1,1
wits,0,1,1
witchll,0,1,1
windshield,0,1,1
windows,0,1,1
wildly,0,1,1
whispering,0,1,1
weeps,0,1,1
weekend,0,1,1
weeds,0,1,1
weed,0,1,1
weaver,0,1,1
weasel,0,1,1
ways,0,1,1
waves,0,1,1
warmer,0,1,1
waken,0,1,1
waitress,0,1,1
waaaahooooo,0,1,1
waaaahhhoooo,0,1,1
vultures,0,1,1
vine,0,1,1
vienna,0,1,1
videotapes,0,1,1
vhs,0,1,1
vapor,0,1,1
utz,0,1,1
usually,0,1,1
uruguay,0,1,1
unzips,0,1,1
unzipped,0,1,1
unusually,0,1,1
unusual,0,1,1
untie,0,1,1
unsnaged,0,1,1
unknown,0,1,1
unfolded,0,1,1
uncomforted,0,1,1
uncomfortable,0,1,1
uhhms,0,1,1
twilights,0,1,1
twice,0,1,1
tv,0,1,1
turning,0,1,1
tumbling,0,1,1
trinkets,0,1,1
trick,0,1,1
trembling,0,1,1
trappers,0,1,1
trailer,0,1,1
track,0,1,1
touching,0,1,1
touched,0,1,1
total,0,1,1
tossed,0,1,1
toss,0,1,1
torture,0,1,1
torso,0,1,1
tore,0,1,1
toe,0,1,1
tightly,0,1,1
thrown,0,1,1
throwing,0,1,1
threatened,0,1,1
thinks,0,1,1
thew,0,1,1
theme,0,1,1
terror,0,1,1
terrified,0,1,1
tells,0,1,1
teeth,0,1,1
tears,0,1,1
tastes,0,1,1
tapings,0,1,1
tape,0,1,1
tall,0,1,1
takes,0,1,1
system,0,1,1
symbols,0,1,1
swivels,0,1,1
swings,0,1,1
swig,0,1,1
swats,0,1,1
surprised,0,1,1
suns,0,1,1
sunday,0,1,1
sun,0,1,1
stutters,0,1,1
student,0,1,1
struggling,0,1,1
struggles,0,1,1
struggle,0,1,1
structure,0,1,1
strips,0,1,1
strip,0,1,1
string,0,1,1
stress,0,1,1
street,0,1,1
strap,0,1,1
stirring,0,1,1
stir,0,1,1
step,0,1,1
stench,0,1,1
state,0,1,1
starting,0,1,1
started,0,1,1
staring,0,1,1
stacked,0,1,1
squatting,0,1,1
spuratic,0,1,1
spite,0,1,1
spirited,0,1,1
spilled,0,1,1
speed,0,1,1
specifically,0,1,1
speaking,0,1,1
spacer,0,1,1
sorta,0,1,1
song,0,1,1
somthin,0,1,1
someones,0,1,1
solid,0,1,1
soft,0,1,1
sob,0,1,1
smoking,0,1,1
smiles,0,1,1
smallest,0,1,1
slowly,0,1,1
slippery,0,1,1
slightly,0,1,1
slide,0,1,1
skipper,0,1,1
sketch,0,1,1
sized,0,1,1
six,0,1,1
site,0,1,1
shudders,0,1,1
shudder,0,1,1
shrinking,0,1,1
shoves,0,1,1
shoulder,0,1,1
shortcuts,0,1,1
shopping,0,1,1
ship,0,1,1
shhhhh,0,1,1
sheriff,0,1,1
shanty,0,1,1
shaking,0,1,1
shack,0,1,1
setting,0,1,1
separate,0,1,1
selfish,0,1,1
season,0,1,1
searched,0,1,1
screaming,0,1,1
scratched,0,1,1
scheduled,0,1,1
scattered,0,1,1
sausage,0,1,1
satisfied,0,1,1
salt,0,1,1
safety,0,1,1
rushed,0,1,1
ruined,0,1,1
rubs,0,1,1
rounds,0,1,1
roots,0,1,1
rolls,0,1,1
rolling,0,1,1
roll,0,1,1
robin,0,1,1
roasted,0,1,1
rests,0,1,1
responsible,0,1,1
resources,0,1,1
research,0,1,1
removed,0,1,1
remove,0,1,1
religious,0,1,1
relaxed,0,1,1
relatively,0,1,1
refereed,0,1,1
red,0,1,1
recorded,0,1,1
rationally,0,1,1
rambling,0,1,1
raining,0,1,1
quick,0,1,1
puts,0,1,1
purpose,0,1,1
pure,0,1,1
punctuality,0,1,1
punching,0,1,1
pulls,0,1,1
protruding,0,1,1
properly,0,1,1
profusely,0,1,1
process,0,1,1
pretend,0,1,1
preparing,0,1,1
prepared,0,1,1
precision,0,1,1
positively,0,1,1
portion,0,1,1
poring,0,1,1
pool,0,1,1
police,0,1,1
plops,0,1,1
pleasantly,0,1,1
plaster,0,1,1
places,0,1,1
pitch,0,1,1
piss,0,1,1
phew,0,1,1
persons,0,1,1
personally,0,1,1
permission,0,1,1
paw,0,1,1
patterns,0,1,1
party,0,1,1
parts,0,1,1
parked,0,1,1
paraguay,0,1,1
oww,0,1,1
owl,0,1,1
overhmm,0,1,1
orgies,0,1,1
opportunity,0,1,1
older,0,1,1
offence,0,1,1
october,0,1,1
oclock,0,1,1
occultic,0,1,1
occult,0,1,1
occasion,0,1,1
oatmeal,0,1,1
numerous,0,1,1
noticing,0,1,1
notebook,0,1,1
nostrils,0,1,1
nooo,0,1,1
noise,0,1,1
nods,0,1,1
ninety,0,1,1
nervously,0,1,1
neighbors,0,1,1
necessary,0,1,1
nearby,0,1,1
natural,0,1,1
national,0,1,1
naked,0,1,1
nah,0,1,1
mystified,0,1,1
mustard,0,1,1
mucus,0,1,1
moving,0,1,1
moves,0,1,1
mouths,0,1,1
mountiness,0,1,1
motives,0,1,1
moss,0,1,1
moooove,0,1,1
mmmm,0,1,1
misty,0,1,1
mists,0,1,1
missing,0,1,1
miss,0,1,1
millimeter,0,1,1
mess,0,1,1
mending,0,1,1
melty,0,1,1
measure,0,1,1
max,0,1,1
marshmallows,0,1,1
marrrrshmelllowwwss,0,1,1
marked,0,1,1
marches,0,1,1
mamma,0,1,1
makeup,0,1,1
mag,0,1,1
lungs,0,1,1
lunatic,0,1,1
loudly,0,1,1
loud,0,1,1
lots,0,1,1
looms,0,1,1
looked,0,1,1
logs,0,1,1
locations,0,1,1
locals,0,1,1
loaded,0,1,1
lit,0,1,1
lipstick,0,1,1
line,0,1,1
lifts,0,1,1
licking,0,1,1
licked,0,1,1
level,0,1,1
lemme,0,1,1
legs,0,1,1
legends,0,1,1
legend,0,1,1
leans,0,1,1
laying,0,1,1
layers,0,1,1
laughed,0,1,1
large,0,1,1
laced,0,1,1
keeps,0,1,1
jut,0,1,1
jumps,0,1,1
juice,0,1,1
joy,0,1,1
jitters,0,1,1
jiggles,0,1,1
jelly,0,1,1
jeans,0,1,1
jabbing,0,1,1
intestines,0,1,1
interesting,0,1,1
interested,0,1,1
intention,0,1,1
inspection,0,1,1
inscribed,0,1,1
ingrid,0,1,1
inflicted,0,1,1
indicated,0,1,1
indecipherable,0,1,1
incredibly,0,1,1
incidence,0,1,1
image,0,1,1
illiterate,0,1,1
ignorance,0,1,1
iee,0,1,1
hysterically,0,1,1
hyperventilating,0,1,1
hushes,0,1,1
hurtin,0,1,1
hurrying,0,1,1
humorless,0,1,1
humanly,0,1,1
humanity,0,1,1
huh,0,1,1
huddling,0,1,1
hows,0,1,1
horror,0,1,1
hoooo,0,1,1
hole,0,1,1
holds,0,1,1
hmm,0,1,1
history,0,1,1
historian,0,1,1
hhuh,0,1,1
hermit,0,1,1
heres,0,1,1
helps,0,1,1
hedges,0,1,1
heavily,0,1,1
heaters,0,1,1
heartily,0,1,1
hearing,0,1,1
headstones,0,1,1
haunt,0,1,1
harder,0,1,1
happening,0,1,1
hanging,0,1,1
halloween,0,1,1
hairy,0,1,1
hairs,0,1,1
guy,0,1,1
gutted,0,1,1
grunt,0,1,1
grocery,0,1,1
greek,0,1,1
graves,0,1,1
gravel,0,1,1
grapple,0,1,1
grandmothers,0,1,1
grace,0,1,1
gotten,0,1,1
gory,0,1,1
gore,0,1,1
goddamned,0,1,1
gleaming,0,1,1
glares,0,1,1
giving,0,1,1
girlfriend,0,1,1
gilligans,0,1,1
gigantic,0,1,1
ghost,0,1,1
general,0,1,1
fully,0,1,1
fudge,0,1,1
fucker,0,1,1
fu,0,1,1
freezing,0,1,1
freaked,0,1,1
forward,0,1,1
forming,0,1,1
formation,0,1,1
forest,0,1,1
forearm,0,1,1
followed,0,1,1
fogged,0,1,1
floor,0,1,1
flight,0,1,1
flesh,0,1,1
flashlights,0,1,1
flap,0,1,1
flannel,0,1,1
flails,0,1,1
flag,0,1,1
fixes,0,1,1
fishing,0,1,1
fishermen,0,1,1
fires,0,1,1
finishing,0,1,1
finishes,0,1,1
finely,0,1,1
filtered,0,1,1
filmmakers,0,1,1
filling,0,1,1
filled,0,1,1
figure,0,1,1
fifteen,0,1,1
fiddling,0,1,1
fends,0,1,1
female,0,1,1
fast,0,1,1
families,0,1,1
familiar,0,1,1
fallow,0,1,1
facing,0,1,1
extreme,0,1,1
exists,0,1,1
exhausted,0,1,1
excellent,0,1,1
examine,0,1,1
evidence,0,1,1
everybodys,0,1,1
europe,0,1,1
etched,0,1,1
essential,0,1,1
eof,0,1,1
entranced,0,1,1
entrance,0,1,1
entitled,0,1,1
energy,0,1,1
ends,0,1,1
encounter,0,1,1
eighteenth,0,1,1
ehh,0,1,1
eh,0,1,1
edge,0,1,1
eating,0,1,1
easier,0,1,1
ear,0,1,1
eager,0,1,1
drops,0,1,1
drives,0,1,1
drive,0,1,1
doorstep,0,1,1
doors,0,1,1
dollars,0,1,1
dissapeard,0,1,1
disheveled,0,1,1
discovery,0,1,1
directors,0,1,1
directly,0,1,1
differently,0,1,1
destroyed,0,1,1
desecration,0,1,1
descends,0,1,1
depth,0,1,1
department,0,1,1
deny,0,1,1
deliverance,0,1,1
deeply,0,1,1
deep,0,1,1
decoration,0,1,1
decay,0,1,1
dawn,0,1,1
darker,0,1,1
dangling,0,1,1
damned,0,1,1
curve,0,1,1
cult,0,1,1
crys,0,1,1
crumpled,0,1,1
crumbling,0,1,1
crudely,0,1,1
crouch,0,1,1
crossed,0,1,1
creepiest,0,1,1
creative,0,1,1
crawling,0,1,1
crack,0,1,1
covered,0,1,1
coughs,0,1,1
corner,0,1,1
conversation,0,1,1
confusion,0,1,1
confront,0,1,1
confessional,0,1,1
concerned,0,1,1
comprised,0,1,1
complement,0,1,1
committed,0,1,1
comment,0,1,1
comfort,0,1,1
comes,0,1,1
collapses,0,1,1
clumps,0,1,1
clue,0,1,1
closely,0,1,1
climbs,0,1,1
clearing,0,1,1
clear,0,1,1
clamed,0,1,1
clacks,0,1,1
clacker,0,1,1
circling,0,1,1
chunk,0,1,1
child,0,1,1
chew,0,1,1
cheers,0,1,1
checking,0,1,1
checked,0,1,1
charts,0,1,1
channel,0,1,1
chair,0,1,1
ceremonial,0,1,1
cemeteries,0,1,1
carrying,0,1,1
carries,0,1,1
canvas,0,1,1
calmer,0,1,1
cake,0,1,1
cackle,0,1,1
bust,0,1,1
bunch,0,1,1
bump,0,1,1
bugs,0,1,1
brink,0,1,1
brief,0,1,1
breathes,0,1,1
breathe,0,1,1
brave,0,1,1
box,0,1,1
bordello,0,1,1
boooooooh,0,1,1
books,0,1,1
bolt,0,1,1
bolivia,0,1,1
body,0,1,1
bodied,0,1,1
bloodletting,0,1,1
bleed,0,1,1
bleating,0,1,1
bleached,0,1,1
bites,0,1,1
bends,0,1,1
belly,0,1,1
belive,0,1,1
believed,0,1,1
beings,0,1,1
bathroom,0,1,1
basement,0,1,1
bang,0,1,1
ballerina,0,1,1
backs,0,1,1
awww,0,1,1
autofocuses,0,1,1
attempting,0,1,1
attacks,0,1,1
attacking,0,1,1
article,0,1,1
arm,0,1,1
apparently,0,1,1
apologize,0,1,1
apart,0,1,1
anytime,0,1,1
anyones,0,1,1
anthem,0,1,1
angry,0,1,1
angrily,0,1,1
anger,0,1,1
ancient,0,1,1
amusing,0,1,1
amount,0,1,1
amazing,0,1,1
alrighty,0,1,1
aloud,0,1,1
allowance,0,1,1
agree,0,1,1
agitated,0,1,1
absolute,0,1,1
abandoned,0,1,1